City_ID,City,Lat,Lng,Max Temp,Humidity,Cloudiness,Wind Speed,Country,Date
0,hawaiian paradise park,19.5933,-154.9731,27.63,67,40,6.69,US,1746064307
1,adamstown,-25.066,-130.1015,24.42,76,51,3.9,PN,1746064308
2,nova sintra,14.8667,-24.7167,21.33,82,4,11.44,CV,1746064309
3,laconia,43.5279,-71.4704,8.97,52,100,2.03,US,1746064310
4,edinburgh of the seven seas,-37.0676,-12.3116,17.66,93,100,14.72,SH,1746064312
5,ilulissat,69.2167,-51.1,0.01,74,100,2.06,GL,1746064313
6,castillos,-34.1667,-53.8333,10.45,91,45,1.77,UY,1746064315
7,adrian,41.8975,-84.0372,10.88,70,100,1.34,US,1746064027
8,jamaame,0.0697,42.745,25.68,84,100,2.4,SO,1746064317
9,blackmans bay,-43.0167,147.3167,12.07,65,1,0.45,AU,1746064318
10,fale old settlement,-9.3852,-171.2468,28.95,68,62,1.62,TK,1746064319
11,invercargill,-46.4,168.35,10.01,73,100,0.89,NZ,1746064320
12,la ronge,55.1001,-105.2842,5.14,93,100,4.12,CA,1746064321
13,tadine,-21.55,167.8833,25.93,61,30,4.09,NC,1746064322
14,grytviken,-54.2811,-36.5092,2.17,78,100,4.59,GS,1746064323
15,northam,51.0333,-4.2167,10.04,74,0,2.83,GB,1746064324
16,coxim,-18.5067,-54.76,19.7,61,0,1.97,BR,1746064325
17,ushuaia,-54.8,-68.3,8.81,66,0,1.54,AR,1746064232
18,la libertad,-2.2333,-80.9,23.33,81,21,3.62,EC,1746064327
19,quellon,-43.1167,-73.6167,9.99,87,98,8.67,CL,1746064328
20,wamba,8.9333,8.6,24.36,80,100,0.7,NG,1746064329
21,vorgashor,67.5833,63.95,-14.44,100,100,2.55,RU,1746064331
22,ribeira grande,38.5167,-28.7,15.99,84,100,6.71,PT,1746064332
23,kyzyl-suu,42.3414,78.0056,16.23,39,36,0.45,KG,1746064333
24,yellowknife,62.456,-114.3525,-3.1,60,20,3.6,CA,1746064334
25,barah,13.7,30.3667,26.01,9,14,3.92,SD,1746064335
26,al jawf,29.5,38.75,22.77,20,0,6.07,SA,1746064336
27,pierre,44.3683,-100.351,15.51,67,100,9.26,US,1746064150
28,hermanus,-34.4187,19.2345,14.33,72,23,8.03,ZA,1746064204
29,kalmunai,7.4167,81.8167,26.0,82,100,4.24,LK,1746064339
30,bredasdorp,-34.5322,20.0403,12.96,65,5,6.64,ZA,1746064340
31,west island,-12.1568,96.8225,27.99,89,40,5.66,CC,1746064341
32,redencao,-4.2258,-38.7306,22.83,92,39,0.93,BR,1746064342
33,phillip island,-38.4835,145.231,16.75,66,82,3.29,AU,1746064344
34,ta`u,-14.2336,-169.5144,28.4,79,29,5.5,AS,1746064345
35,bethel,41.3712,-73.414,13.55,50,54,1.72,US,1746064346
36,huarmey,-10.0681,-78.1522,20.33,83,99,4.01,PE,1746064349
37,kievka,50.2619,71.5514,6.74,46,22,3.54,KZ,1746064350
38,sao vicente,-23.9631,-46.3919,21.1,26,22,1.1,BR,1746064351
39,albany,42.6001,-73.9662,11.36,56,47,2.31,US,1746063781
40,waitangi,-43.9535,-176.5597,16.14,93,100,10.69,NZ,1746064353
41,carora,10.1755,-70.0827,23.55,86,100,0.82,VE,1746064354
42,georgetown,5.4112,100.3354,29.97,82,20,3.13,MY,1746064217
43,jayapura,-2.5333,140.7,30.66,61,99,1.64,ID,1746064356
44,colonia menno,-22.3667,-59.8167,17.49,70,0,3.7,PY,1746064357
45,olonkinbyen,70.9221,-8.7187,-0.42,87,43,5.23,SJ,1746064358
46,port alfred,-33.5906,26.891,13.99,84,72,2.24,ZA,1746064360
47,avarua,-21.2078,-159.775,28.03,65,20,5.66,CK,1746064361
48,puerto ayora,-0.7393,-90.3518,24.13,89,64,2.78,EC,1746064362
49,rikaze,29.25,88.8833,6.64,43,100,4.18,CN,1746064363
50,stanley,54.868,-1.6985,11.39,88,7,1.03,GB,1746064364
51,remire-montjoly,4.9167,-52.2667,26.02,94,75,1.03,GF,1746064365
52,priladozhskiy,59.85,31.4833,-0.82,99,2,2.27,RU,1746064366
53,polyarnyy,69.1989,33.4478,0.19,86,100,10.67,RU,1746064367
54,cape town,-33.9258,18.4232,14.21,81,0,5.14,ZA,1746064301
55,talnakh,69.4865,88.3972,-9.37,91,98,3.84,RU,1746064369
56,belyy yar,53.6039,91.3903,4.94,65,0,0.0,RU,1746064370
57,ji'an,27.1172,114.9793,25.36,73,99,2.43,CN,1746064371
58,chui,-33.6971,-53.4616,11.95,91,65,2.09,UY,1746064372
59,villa gesell,-37.2639,-56.973,14.43,77,34,4.34,AR,1746064141
60,kodiak,57.79,-152.4072,6.73,93,100,5.14,US,1746064213
61,leer,53.2316,7.461,11.08,92,100,2.68,DE,1746064376
62,tucuma,-0.1833,-50.05,24.85,92,100,2.46,BR,1746064377
63,kilindoni,-7.9139,39.6668,26.3,82,58,4.34,TZ,1746064378
64,port-aux-francais,-49.35,70.2167,4.6,75,18,15.07,TF,1746064379
65,sinabang,2.4803,96.3801,28.51,74,100,1.07,ID,1746064380
66,vila franca do campo,37.7167,-25.4333,15.23,91,100,6.08,PT,1746064381
67,sosnogorsk,63.6023,53.8817,-9.07,95,62,1.9,RU,1746064382
68,enewetak,11.3474,162.3373,27.66,75,22,8.16,MH,1746064383
69,lata,40.1629,-8.3327,7.5,95,3,1.73,PT,1746064384
70,lushoto,-4.7833,38.2833,14.1,95,51,1.11,TZ,1746064385
71,mandal,25.45,74.5667,30.11,24,0,3.44,IN,1746064386
72,aasiaat,68.7098,-52.8699,-4.1,88,100,2.27,GL,1746064118
73,lebu,-37.6167,-73.65,12.29,93,100,5.74,CL,1746064388
74,oral,51.2333,51.3667,9.99,53,0,5.0,KZ,1746064390
75,bekobod,40.2208,69.2697,17.85,47,29,3.36,UZ,1746064392
76,camocim,-2.9022,-40.8411,24.68,90,43,3.96,BR,1746064280
77,tsiombe,-25.3,45.4833,19.9,79,6,2.63,MG,1746064394
78,atafu village,-8.5421,-172.5159,28.91,69,40,2.15,TK,1746064395
79,puerto real,36.5282,-6.1901,12.36,94,0,1.54,ES,1746064397
80,gunnedah,-30.9833,150.25,18.04,55,26,8.0,AU,1746064398
81,happy valley-goose bay,53.3168,-60.3315,-1.83,93,100,7.72,CA,1746064399
82,tiksi,71.6872,128.8694,-8.46,91,98,3.0,RU,1746064280
83,hamilton,39.1834,-84.5333,21.97,84,99,0.45,US,1746064131
84,fort saskatchewan,53.7168,-113.2187,14.56,28,75,9.83,CA,1746064402
85,nuuk,64.1835,-51.7216,-2.66,100,100,4.12,GL,1746064338
86,antsiranana,-12.2787,49.2917,24.73,87,7,5.06,MG,1746064404
87,greymouth,-42.4667,171.2,11.57,62,100,2.65,NZ,1746064405
88,bathsheba,13.2167,-59.5167,27.34,78,20,6.17,BB,1746064407
89,arkhangel'sk,64.5401,40.5433,-4.94,93,0,2.0,RU,1746064408
90,namsos,64.4662,11.4957,3.95,100,100,0.0,NO,1746064409
91,qaqortoq,60.7167,-46.0333,0.41,99,100,3.27,GL,1746064410
92,utrik,11.2278,169.8474,27.25,77,87,6.08,MH,1746064411
93,uzgen,40.7699,73.3007,17.59,68,100,0.12,KG,1746064412
94,villa ojo de agua,-29.5,-63.6938,15.53,48,16,4.32,AR,1746064413
95,punta arenas,-53.15,-70.9167,5.06,93,0,3.09,CL,1746064414
96,ust-nera,64.5667,143.2,0.01,77,100,1.19,RU,1746064416
97,boguchany,58.3814,97.4531,3.55,63,16,4.35,RU,1746064418
98,cambria,35.5641,-121.0808,11.7,90,85,0.45,US,1746064164
99,rio grande,-32.035,-52.0986,15.35,76,6,1.91,BR,1746064420
100,vimmerby,57.6659,15.8552,4.14,79,30,2.16,SE,1746064421
101,bugojno,44.0572,17.4508,7.98,91,18,0.58,BA,1746064282
102,chimore,-16.9833,-65.1333,25.46,80,65,0.55,BO,1746064423
103,port-vila,-17.7338,168.3219,29.78,74,40,2.57,VU,1746064424
104,la mira,18.035,-102.3266,25.62,71,0,3.09,MX,1746064425
105,port mathurin,-19.6833,63.4167,25.71,65,90,11.1,MU,1746064426
106,griffith,41.5284,-87.4237,13.34,73,100,2.06,US,1746064427
107,moissala,8.3404,17.7663,27.47,50,100,2.0,TD,1746064428
108,puerto natales,-51.7236,-72.4875,5.62,88,90,0.3,CL,1746064429
109,muynoq,43.7683,59.0214,12.75,52,5,1.95,UZ,1746064430
110,khalabat,34.06,72.8894,28.41,24,13,2.23,PK,1746064431
111,dadhar,29.4753,67.6514,34.88,12,35,2.04,PK,1746064432
112,mirny,62.5353,113.9611,3.34,92,91,4.48,RU,1746064433
113,nogliki,51.8333,143.1667,3.32,89,95,4.14,RU,1746064434
114,ad dabbah,18.05,30.95,26.68,14,3,4.07,SD,1746064437
115,longyearbyen,78.2186,15.6401,-3.09,74,75,9.77,SJ,1746064438
116,tolanaro,-25.0319,46.9987,22.79,87,30,5.98,MG,1746064439
117,udachny,66.4167,112.4,1.9,97,94,3.62,RU,1746064440
118,mount isa,-20.7333,139.5,23.87,41,2,7.2,AU,1746064441
119,strathfieldsaye,-36.8,144.3667,15.58,50,0,2.32,AU,1746064442
120,carnarvon,-24.8667,113.6333,28.13,31,0,6.93,AU,1746064443
121,petrolina,-9.3986,-40.5008,30.03,54,0,4.63,BR,1746064444
122,banda aceh,5.5577,95.3222,28.37,75,75,2.6,ID,1746064240
123,papatowai,-46.5619,169.4708,8.86,73,100,3.17,NZ,1746064446
124,upington,-28.4478,21.2561,8.21,81,0,3.09,ZA,1746064447
125,hithadhoo,-0.6,73.0833,28.69,70,100,2.23,MV,1746064448
126,fisterra,42.9049,-9.2629,13.18,82,40,5.09,ES,1746064450
127,margaret river,-33.95,115.0667,22.68,56,94,6.69,AU,1746064451
128,tazovsky,67.4667,78.7,-7.91,93,100,2.75,RU,1746064452
129,flying fish cove,-10.4217,105.6791,28.82,69,9,6.69,CX,1746064453
130,dunedin,-45.8742,170.5036,8.96,79,100,6.41,NZ,1746064225
131,kingston,17.997,-76.7936,27.53,69,20,5.66,JM,1746063842
132,taksimo,56.3444,114.8794,7.81,48,72,2.18,RU,1746064456
133,tianshui,34.5439,105.6897,22.88,29,0,1.14,CN,1746064457
134,basco,20.4487,121.9702,27.18,82,5,5.74,PH,1746064458
135,touros,-5.1989,-35.4608,25.73,77,2,4.28,BR,1746064459
136,praia da vitoria,38.7333,-27.0667,15.14,82,75,6.86,PT,1746064460
137,zhaqsy,51.9083,67.3133,7.29,46,39,3.98,KZ,1746064461
138,whitehorse,60.7161,-135.0538,9.43,43,75,9.77,CA,1746064293
139,gewane,10.1664,40.6453,26.28,58,87,3.18,ET,1746064464
140,santiago de cao,-7.9589,-79.2392,13.07,88,41,3.6,PE,1746064465
141,cockburn town,21.4612,-71.1419,24.71,72,49,8.02,TC,1746064466
142,savelugu,9.6244,-0.8253,26.18,70,98,3.19,GH,1746064467
143,baruun-urt,46.6806,113.2792,7.26,50,100,4.75,MN,1746064468
144,susuman,62.7833,148.1667,-2.35,76,98,1.21,RU,1746064469
145,iqaluit,63.7506,-68.5145,-7.15,73,100,10.8,CA,1746064470
146,adh dhibiyah,24.5014,45.9686,26.3,21,4,4.0,SA,1746064471
147,freetown,8.484,-13.2299,25.35,88,100,3.25,SL,1746064218
148,alofi,-19.0595,-169.9187,29.94,66,40,4.12,NU,1746064473
149,pointe aux piments,-20.0628,57.5131,25.85,74,94,9.61,MU,1746064474
150,crane,31.3974,-102.3501,24.29,11,0,4.44,US,1746064475
151,iskateley,67.6803,53.1512,-9.08,89,73,5.24,RU,1746064477
152,bijapur,16.8333,75.7,30.66,28,1,3.8,IN,1746064478
153,arawa,-6.2132,155.5367,30.43,68,12,2.41,PG,1746064479
154,bairnsdale,-37.8333,147.6167,16.7,74,33,0.45,AU,1746064480
155,constitucion,-35.3333,-72.4167,11.38,89,100,3.22,CL,1746064468
156,choibalsan,48.0667,114.5,7.29,59,100,4.14,MN,1746064006
157,bathurst,-33.4166,149.5806,13.55,57,84,5.1,AU,1746064483
158,aoulef,26.9667,1.0833,28.48,18,54,5.72,DZ,1746064484
159,porbandar,21.6422,69.6093,27.83,77,0,5.41,IN,1746064485
160,magadan,59.5667,150.8,-0.78,88,98,1.68,RU,1746064486
161,riviere-du-loup,47.8304,-69.5342,1.49,71,6,5.14,CA,1746064488
162,peace river,56.2501,-117.286,13.17,47,20,3.09,CA,1746064490
163,mandla,22.6,80.3833,28.36,43,8,4.76,IN,1746064491
164,morehead city,34.7229,-76.726,22.0,81,0,7.2,US,1746064463
165,bafra,41.5678,35.9069,11.29,80,100,1.92,TR,1746064493
166,shimoda,34.6667,138.95,18.84,69,100,2.48,JP,1746064488
167,arraial do cabo,-22.9661,-42.0278,23.16,69,100,3.16,BR,1746064358
168,yemetsk,63.4721,41.7941,-5.06,89,25,1.04,RU,1746064496
169,formosa do rio preto,-11.0483,-45.1931,24.53,71,17,0.78,BR,1746064497
170,olney,39.1532,-77.0669,21.03,60,0,0.0,US,1746064402
171,shahrak,34.1074,64.3052,14.43,35,0,1.03,AF,1746064499
172,kayangel,8.0823,134.7173,28.3,76,100,3.48,PW,1746064500
173,zhalantun,48.0,122.7167,10.58,29,4,4.78,CN,1746064501
174,san antonio,29.4241,-98.4936,27.36,73,0,7.72,US,1746063618
175,pisco,-13.7,-76.2167,19.03,82,0,5.66,PE,1746064359
176,lalago,-3.45,33.95,19.09,81,100,1.62,TZ,1746064504
177,puerto el triunfo,13.2833,-88.55,28.33,77,0,2.66,SV,1746064505
178,solnechnyy,50.7214,136.6319,11.8,58,100,3.33,RU,1746064506
179,mwinilunga,-11.7358,24.4293,18.02,83,82,1.1,ZM,1746064508
180,oamaru,-45.0784,170.9801,8.54,83,100,9.08,NZ,1746064509
181,pacific grove,36.6177,-121.9166,15.79,87,0,4.63,US,1746064510
182,saynshand,44.8824,110.1163,9.36,36,100,3.8,MN,1746064511
183,caleta de carquin,-11.0925,-77.6267,19.55,85,98,4.33,PE,1746064512
184,kristiansund,63.1115,7.732,6.36,93,100,4.12,NO,1746064513
185,aswan,24.0934,32.907,26.61,29,0,3.6,EG,1746064514
186,kruisfontein,-34.0033,24.7314,11.36,82,0,4.94,ZA,1746064515
187,antofagasta,-23.65,-70.4,15.6,84,81,2.48,CL,1746063963
188,nizhnyaya poyma,56.1622,97.1933,5.4,46,5,2.43,RU,1746064517
189,lourical,40.0039,-8.7374,9.12,95,0,2.77,PT,1746064518
190,limulunga,-15.0969,23.1376,20.24,63,99,1.66,ZM,1746064519
191,jamestown,42.097,-79.2353,8.8,61,0,3.09,US,1746064314
192,shar'ya,58.3686,45.5144,-2.55,88,11,1.73,RU,1746064521
193,badger,64.8,-147.5333,15.14,35,100,5.66,US,1746064522
194,pathein,16.7833,94.7333,25.47,82,100,2.39,MM,1746064523
195,la gi,10.6667,107.7833,31.31,58,100,4.39,VN,1746064524
196,juegang,32.3174,121.1855,25.47,66,100,5.03,CN,1746064390
197,panaba,21.2833,-88.2667,26.78,56,3,6.67,MX,1746064527
198,el granada,37.5027,-122.4694,16.9,83,100,7.72,US,1746064528
199,chonchi,-42.6128,-73.8092,8.95,86,64,5.08,CL,1746064529
200,nova vicosa,-17.8919,-39.3719,25.36,72,78,5.7,BR,1746064530
201,acarau,-2.8856,-40.12,25.04,89,57,3.4,BR,1746064342
202,tabou,4.423,-7.3528,25.25,89,100,3.78,CI,1746064532
203,hami,42.8,93.45,26.68,22,46,4.19,CN,1746064533
204,dawei,14.0833,98.2,28.95,74,70,1.51,MM,1746064534
205,road town,18.4167,-64.6167,26.02,83,40,3.09,VG,1746064535
206,vilyuchinsk,52.9306,158.4028,7.15,68,11,1.71,RU,1746064536
207,xilin hot,43.9667,116.0333,5.19,37,55,6.01,CN,1746064537
208,colonia,50.9333,6.95,14.41,80,0,1.03,DE,1746064491
209,ceeldheer,3.8488,47.1806,28.02,77,100,3.06,SO,1746064539
210,abepura,-2.6333,140.5833,30.45,66,20,2.06,ID,1746064541
211,lerwick,60.1545,-1.1494,10.11,96,100,6.14,GB,1746064542
212,fada,7.25,4.0667,22.92,99,100,0.82,NG,1746064543
213,wanning,18.8003,110.3967,29.37,73,44,1.7,CN,1746064544
214,klyuchi,52.2667,79.1667,9.27,41,0,1.71,RU,1746064545
215,mont-tremblant,46.1949,-74.6264,3.91,55,95,1.35,CA,1746063914
216,semera,11.501,41.201,26.7,51,100,1.78,ET,1746064547
217,kiunga,-6.1219,141.2906,31.51,58,86,1.75,PG,1746064548
218,angaur state,6.906,134.13,28.51,72,97,3.93,PW,1746064550
219,mejit,10.2753,170.8646,27.23,79,92,6.55,MH,1746064552
220,college,64.8569,-147.8028,13.97,33,75,4.12,US,1746064553
221,lan sak,15.4529,99.5761,31.11,59,25,1.88,TH,1746064554
222,tortoli,39.9256,9.6572,18.41,52,0,0.89,IT,1746064555
223,waddan,29.1614,16.139,14.05,62,3,1.22,LY,1746064556
224,xining,36.6167,101.7667,14.69,28,0,0.73,CN,1746064557
225,natal,-5.795,-35.2094,27.12,78,20,3.6,BR,1746064263
226,makarov,48.6333,142.8,5.19,70,100,6.12,RU,1746064559
227,kwang binh,17.4833,106.6,28.01,75,98,2.47,VN,1746064560
228,trofaiach,47.4167,15.0,7.37,87,55,1.23,AT,1746064561
229,wickenburg,33.9686,-112.7296,27.22,16,99,1.34,US,1746064562
230,hasaki,35.7333,140.8333,18.41,64,65,5.29,JP,1746064563
231,tangalle,6.024,80.7911,25.91,90,100,2.59,LK,1746064564
232,dogonbadan,30.3586,50.7981,20.05,37,0,0.0,IR,1746064566
233,kone,-21.0595,164.8658,27.59,52,10,3.53,NC,1746064567
234,speightstown,13.25,-59.65,27.34,76,1,4.83,BB,1746064568
235,port lincoln,-34.7333,135.8667,16.7,59,9,5.7,AU,1746064569
236,east london,-33.0153,27.9116,16.71,73,79,7.7,ZA,1746064432
237,abalak,58.1286,68.5944,7.34,64,100,4.95,RU,1746064571
238,tura,25.5198,90.2201,27.05,53,0,1.02,IN,1746064572
239,bilibino,68.0546,166.4372,-6.14,53,71,1.18,RU,1746064573
240,evanston,42.0411,-87.6901,13.49,69,100,2.57,US,1746064554
241,pombas,17.1503,-25.0201,15.25,80,35,5.18,CV,1746064575
242,lambarene,-0.7001,10.2406,23.9,97,100,0.76,GA,1746064576
243,sisimiut,66.9395,-53.6735,-1.74,96,100,8.64,GL,1746064577
244,posto fiscal rolim de moura,-13.0833,-62.2667,23.68,88,20,0.47,BR,1746064578
245,narasannapeta,18.4167,84.05,26.67,60,0,1.23,IN,1746064579
246,wailua homesteads,22.0669,-159.378,26.44,78,20,4.12,US,1746064580
247,zhangjiakou,40.81,114.8794,13.63,26,56,6.65,CN,1746064581
248,camargo,27.6667,-105.1667,23.53,9,0,4.76,MX,1746064583
249,axim,4.8699,-2.2405,26.18,85,100,2.78,GH,1746064584
250,brisas de zicatela,15.8369,-97.0419,29.25,71,0,4.56,MX,1746064585
251,kargasok,59.0556,80.8572,7.51,63,75,5.9,RU,1746064586
252,bonnyville,54.2668,-110.735,11.72,54,84,5.25,CA,1746064587
253,witkowo,52.4396,17.7726,8.75,88,27,2.88,PL,1746064588
254,port saint john's,-31.6229,29.5448,18.12,84,84,5.78,ZA,1746064590
255,mount pearl,47.5166,-52.7813,2.96,93,100,10.29,CA,1746064591
256,kuusamo,65.9667,29.1833,-7.98,79,0,0.51,FI,1746064592
257,gizo,-8.103,156.8419,29.0,71,100,1.97,SB,1746064593
258,yurimaguas,-5.9,-76.0833,23.05,98,80,0.71,PE,1746064594
259,horta,38.5333,-28.6333,15.57,84,100,6.71,PT,1746064595
260,lihue,21.9789,-159.3672,26.77,74,20,4.12,US,1746064597
261,isla mujeres,21.2311,-86.731,26.72,73,0,5.58,MX,1746064598
262,petropavlovsk-kamchatsky,53.0452,158.6483,6.33,49,0,3.0,RU,1746064396
263,strugi-krasnyye,58.2675,29.1114,0.04,86,100,3.69,RU,1746064600
264,ketchikan,55.3422,-131.6461,9.32,73,100,0.89,US,1746064601
265,jianshui,23.6363,102.8264,17.89,85,100,0.54,CN,1746064602
266,gerdzhyush,37.5651,41.3916,12.4,63,84,1.53,TR,1746064603
267,bull savanna,17.8868,-77.5902,24.14,74,0,1.52,JM,1746064604
268,ciudad bolivar,8.1222,-63.5497,29.5,56,30,5.7,VE,1746064605
269,princeville,45.7668,-61.2985,4.36,75,0,7.72,CA,1746064606
270,palikir - national government center,6.9248,158.1611,30.47,71,100,5.66,FM,1746064607
271,berezovo,63.9381,65.0419,-2.5,90,100,4.77,RU,1746064608
272,misawa,40.6836,141.3597,13.16,68,71,3.99,JP,1746064478
273,kavaratti,10.5669,72.642,29.59,75,31,2.99,IN,1746064610
274,booue,-0.0921,11.9385,23.39,97,96,0.72,GA,1746064612
275,dibrugarh,27.4833,94.9,24.03,88,75,0.0,IN,1746064613
276,fukuecho,32.6881,128.8419,21.2,83,75,6.17,JP,1746064614
277,puerto aysen,-45.4,-72.7,9.28,92,61,1.08,CL,1746064424
278,coulommiers,48.8145,3.085,14.9,87,0,3.28,FR,1746064617
279,lensk,60.7253,114.9278,2.93,89,92,4.3,RU,1746064543
280,prince albert,53.2001,-105.7677,12.97,50,75,3.09,CA,1746064619
281,sakakah,29.9697,40.2064,23.76,25,8,3.08,SA,1746064620
282,moyale,3.5167,39.0584,21.58,73,100,0.53,KE,1746064622
283,sandnessjoen,66.0217,12.6316,5.23,93,100,2.06,NO,1746064623
284,vizinga,61.0749,50.1031,-3.69,90,96,2.16,RU,1746064624
285,concepcion del oro,24.6333,-101.4167,15.33,15,100,2.56,MX,1746064625
286,akureyri,65.6835,-18.0878,4.96,70,75,1.03,IS,1746064626
287,thompson,55.7435,-97.8558,-2.91,93,100,4.12,CA,1746064482
288,cody,44.5263,-109.0565,9.12,62,20,5.14,US,1746064628
289,taulaga,-11.0553,-171.0883,28.83,68,6,2.27,AS,1746064629
290,kapa'a,22.0752,-159.319,27.18,78,20,4.12,US,1746064630
291,qusmuryn,52.4503,64.6311,8.39,48,5,4.16,KZ,1746064631
292,anadyr,64.75,177.4833,-8.72,72,0,4.92,RU,1746064632
293,yokadouma,3.5167,15.05,21.04,88,92,0.46,CM,1746064634
294,high river,50.5834,-113.8687,12.4,45,90,2.09,CA,1746064635
295,oranjemund,-28.55,16.4333,13.44,75,100,5.33,NA,1746064636
296,saipan,15.1355,145.701,31.39,74,40,7.72,MP,1746064637
297,tam ky,15.5667,108.4833,30.49,62,26,1.12,VN,1746064638
298,sitka,57.0531,-135.33,10.94,54,75,7.2,US,1746064639
299,broken hill,-31.95,141.4333,16.89,35,0,6.72,AU,1746064640
300,strelka,58.0728,93.0344,7.3,49,13,4.64,RU,1746064641
301,aykhal,66.0,111.5,0.34,100,100,3.46,RU,1746064642
302,jiamusi,46.8333,130.35,10.23,76,100,2.72,CN,1746064643
303,maintirano,-18.0667,44.0167,25.9,74,75,3.41,MG,1746064644
304,nar'yan-mar,67.6713,53.087,-9.05,89,71,5.24,RU,1746064645
305,jais,26.25,81.5333,30.08,35,80,5.75,IN,1746064647
306,tambopata,-12.7333,-69.1833,22.4,89,1,0.9,PE,1746064649
307,al burayqah,30.4062,19.5739,17.31,66,0,7.24,LY,1746064650
308,brignoles,43.4,6.0667,7.84,83,0,1.1,FR,1746064651
309,phek,25.6667,94.5,20.0,70,95,0.45,IN,1746064652
310,caspe,41.234,-0.0395,13.84,88,8,3.57,ES,1746064653
311,vargem grande do sul,-21.8322,-46.8936,17.12,77,0,1.95,BR,1746064654
312,port elizabeth,-33.918,25.5701,14.16,85,0,7.2,ZA,1746064655
313,carauari,-4.8828,-66.8958,23.13,97,100,0.19,BR,1746064656
314,sundumbili,-29.1337,31.3975,19.12,88,100,4.1,ZA,1746064657
315,saldanha,-33.0117,17.9442,12.03,74,88,4.45,ZA,1746064658
316,sidi akkacha,36.4647,1.3026,20.16,65,100,3.34,DZ,1746064659
317,alice springs,-23.7,133.8833,20.75,30,80,9.26,AU,1746064511
318,anloga,5.7947,0.8973,27.38,82,100,3.91,GH,1746064661
319,naze,28.3667,129.4833,20.51,82,100,3.02,JP,1746064662
320,pitimbu,-7.4706,-34.8086,25.92,73,0,3.11,BR,1746064663
321,lingig,8.0389,126.4125,28.56,71,62,1.94,PH,1746064665
322,paidha,2.4167,30.9855,16.37,92,100,1.46,UG,1746064666
323,uribia,11.7139,-72.266,28.82,62,3,5.37,CO,1746064667
324,cole harbour,44.6724,-63.4751,10.66,55,6,7.72,CA,1746064668
325,emerald,-23.5333,148.1667,24.63,42,47,7.09,AU,1746064669
326,kidal,18.4411,1.4078,30.71,13,99,7.4,ML,1746064670
327,luderitz,-26.6481,15.1594,14.36,66,99,10.2,NA,1746064672
328,ione,38.3527,-120.9327,26.75,50,0,0.0,US,1746064673
329,ola,59.5833,151.2833,-0.68,87,98,1.54,RU,1746064674
330,kharagpur,22.3333,87.3333,29.0,58,0,1.78,IN,1746064675
331,baryshevo,54.9564,83.1822,8.24,47,4,2.11,RU,1746064676
332,ghanzi,-21.5667,21.7833,19.13,54,34,2.7,BW,1746064677
333,westport,41.1415,-73.3579,16.12,51,44,2.31,US,1746064678
334,mana,5.6592,-53.7767,25.75,89,39,3.24,GF,1746064679
335,bubaque,11.2833,-15.8333,23.45,79,70,4.88,GW,1746064681
336,la'ie,21.6477,-157.9253,28.36,73,8,2.24,US,1746064682
337,jonquiere,48.4165,-71.2488,-0.33,74,23,3.6,CA,1746064683
338,ambon,-3.6954,128.1814,31.24,100,28,3.31,ID,1746064684
339,ciudad insurgentes,25.2625,-111.7753,18.83,49,18,5.0,MX,1746064685
340,vilyuysk,63.7553,121.6247,2.13,93,100,3.38,RU,1746064686
341,dudinka,69.4058,86.1778,-9.86,93,94,5.18,RU,1746064687
342,tromso,69.6496,18.957,3.01,81,100,3.6,NO,1746064689
343,punta del este,-34.9667,-54.95,14.93,67,0,2.24,UY,1746064691
344,key west,24.5557,-81.7826,26.67,67,75,5.66,US,1746064644
345,nabisar,25.0685,69.6419,29.64,46,1,8.73,PK,1746064693
346,kapuskasing,49.4169,-82.4331,5.0,60,75,3.6,CA,1746064694
347,constantia,44.1833,28.65,7.61,58,0,1.23,RO,1746064445
348,menongue,-14.6585,17.691,16.24,89,85,0.44,AO,1746064696
349,fort st. john,56.2499,-120.8529,16.94,20,75,8.75,CA,1746064430
350,fort bragg,35.139,-79.006,26.85,64,0,3.6,US,1746064698
351,saint-joseph,-21.3667,55.6167,24.21,74,83,7.52,RE,1746064699
352,port blair,11.6667,92.75,26.02,94,75,1.03,IN,1746064681
353,salym,60.0625,71.4789,6.91,70,100,5.2,RU,1746064702
354,khanty-mansiysk,61.0042,69.0019,6.06,70,40,5.0,RU,1746064703
355,lautoka,-17.6167,177.4667,31.92,58,20,4.12,FJ,1746064704
356,cadale,2.7603,46.3222,28.31,75,78,4.36,SO,1746064706
357,le portel,50.7056,1.5757,11.83,86,2,2.91,FR,1746064707
358,roma,43.2128,-75.4557,6.08,73,0,2.06,US,1746064622
359,st. john's,47.5649,-52.7093,3.42,93,100,10.29,CA,1746064709
360,dalby,-27.1833,151.2667,22.45,42,0,3.2,AU,1746064710
361,ust'-kulom,61.6864,53.6902,-5.33,87,26,3.04,RU,1746064711
362,phang nga,8.4509,98.5298,29.61,76,99,0.65,TH,1746064712
363,plunge,55.9114,21.8442,3.52,84,54,3.42,LT,1746064713
364,inhambane,-23.865,35.3833,22.55,88,0,4.31,MZ,1746064714
365,safi,32.1667,-8.8333,13.03,73,0,0.45,MA,1746064716
366,floro,61.5996,5.0328,7.98,93,75,5.14,NO,1746064717
367,ballina,-28.8667,153.5667,22.01,67,100,8.71,AU,1746064718
368,angel r. cabada,18.5833,-95.4333,27.16,61,25,4.78,MX,1746064719
369,fernie,49.5,-115.0687,12.33,63,33,0.5,CA,1746064720
370,mar del plata,-38.0023,-57.5575,17.19,53,2,3.13,AR,1746064161
371,gillette,44.2911,-105.5022,6.51,86,100,3.6,US,1746064482
372,urayasu,35.6706,139.8886,22.83,52,20,3.09,JP,1746064723
373,sittwe,20.15,92.9,27.92,69,94,2.55,MM,1746064724
374,berberati,4.2612,15.7922,20.97,85,96,0.68,CF,1746064725
375,mezhdurechenskiy,59.6,65.9333,7.06,76,100,5.96,RU,1746064726
376,nadi,-17.8,177.4167,32.0,58,20,4.12,FJ,1746064668
377,saint-francois,46.4154,3.9054,11.47,94,0,1.03,FR,1746064728
378,springfield,37.2153,-93.2982,16.92,93,75,3.09,US,1746064546
379,salinopolis,-0.6136,-47.3561,26.24,86,91,4.06,BR,1746064732
380,waingapu,-9.6567,120.2641,28.36,74,100,2.6,ID,1746064733
381,nueve de julio,-35.4444,-60.8831,15.54,78,97,1.79,AR,1746064734
382,daru,-9.0763,143.2092,26.72,91,100,6.46,PG,1746064735
383,vadso,70.0744,29.7487,2.09,87,75,9.77,NO,1746064736
384,youghal,51.95,-7.8506,14.19,72,4,2.02,IE,1746064737
385,binghamton,42.0987,-75.918,6.54,81,94,1.72,US,1746064621
386,svetlyy,54.675,20.1347,5.25,92,54,2.65,RU,1746064739
387,kourou,5.1552,-52.6478,24.9,93,93,2.01,GF,1746064740
388,souillac,-20.5167,57.5167,26.21,61,20,5.66,MU,1746064741
389,usinsk,65.9939,57.5281,-7.79,91,14,2.72,RU,1746064742
390,kuta,-8.7233,115.1723,29.97,84,20,2.06,ID,1746064743
391,kerema,-7.9631,145.7785,29.96,71,100,4.61,PG,1746064744
392,isafjordur,66.0755,-23.124,2.3,95,85,3.31,IS,1746064745
393,lappeenranta,61.0587,28.1887,-3.97,80,0,0.51,FI,1746064746
394,mashhad,36.297,59.6062,15.16,48,75,1.19,IR,1746064505
395,chandler,33.3062,-111.8412,29.9,15,0,3.6,US,1746064456
396,idabel,33.8957,-94.8263,17.15,100,100,3.6,US,1746064655
397,rongelap,11.1635,166.8941,27.54,74,99,8.01,MH,1746064751
398,keflavik,64.0049,-22.5624,5.24,93,75,4.12,IS,1746064752
399,sosnovo-ozerskoye,52.5249,111.5418,6.96,47,100,8.66,RU,1746064753
400,abashiri,44.0213,144.2697,7.16,70,40,2.06,JP,1746064754
401,margate,51.3813,1.3862,11.5,86,5,2.02,GB,1746064755
402,kamalpur,24.2,91.8333,25.66,72,6,1.27,IN,1746064756
403,kirkland lake,48.1446,-80.0377,3.16,56,73,1.54,CA,1746064477
404,thohoyandou,-22.9456,30.485,19.67,53,0,1.55,ZA,1746064758
405,sao jose da coroa grande,-8.8978,-35.1478,25.2,76,0,2.59,BR,1746064759
406,holualoa,19.6228,-155.9522,23.08,89,25,0.89,US,1746064760
407,san felice circeo,41.2372,13.0942,13.56,77,0,2.86,IT,1746064762
408,umm kaddadah,13.6017,26.6876,27.26,10,8,5.42,SD,1746064763
409,amboasary,-25.0333,46.3833,19.92,91,15,1.63,MG,1746064764
410,la passe,45.5549,-0.8967,13.88,70,100,4.44,FR,1746064765
411,mildura,-34.2,142.15,17.26,58,0,5.81,AU,1746064766
412,weiser,44.251,-116.9693,21.11,34,8,2.0,US,1746064767
413,mahina,-17.5065,-149.489,28.87,74,75,3.6,PF,1746064768
414,callao,-12.0667,-77.15,22.07,88,20,3.6,PE,1746064567
415,acapulco de juarez,16.8634,-99.8901,25.43,70,0,4.79,MX,1746064770
416,palmer,42.1584,-72.3287,10.73,59,30,1.42,US,1746064771
417,ocean city,39.2776,-74.5746,15.01,68,92,2.32,US,1746064772
418,egilsstadir,65.2653,-14.3948,7.95,61,0,5.14,IS,1746064773
419,valdivia,-39.8142,-73.2459,10.05,98,100,2.15,CL,1746064727
420,geraldton,-28.7667,114.6,28.23,18,2,10.29,AU,1746064775
421,demre,36.2537,29.9777,13.67,89,100,1.44,TR,1746064776
422,valparaiso,-33.0393,-71.6273,12.8,76,75,1.54,CL,1746064626
423,vernon,50.2581,-119.2691,19.74,41,85,1.79,CA,1746064780
424,altai,46.3722,96.2583,10.23,56,77,0.61,MN,1746064625
425,lichinga,-13.3128,35.2406,16.05,100,0,3.6,MZ,1746064782
426,brookings,44.3114,-96.7984,17.25,62,44,5.05,US,1746064512
427,la resolana,19.6,-104.4333,24.69,52,13,0.69,MX,1746064784
428,mitu,1.1983,-70.1733,19.4,97,93,0.54,CO,1746064785
429,kas,36.2018,29.6377,14.91,90,75,3.28,TR,1746064786
430,diapaga,12.0708,1.7889,29.1,55,100,4.01,BF,1746064787
431,iquique,-20.2208,-70.1431,18.52,81,82,2.24,CL,1746064789
432,kencong,-8.2833,113.3667,30.89,74,36,0.53,ID,1746064790
433,wassertrudingen,49.05,10.6,12.04,80,41,1.08,DE,1746064791
434,baker city,44.7749,-117.8344,16.13,40,5,1.98,US,1746064792
435,kudahuvadhoo,2.6708,72.8944,28.67,75,100,1.07,MV,1746064793
436,baie-comeau,49.2168,-68.1489,1.82,60,0,3.09,CA,1746064689
437,mindarie,-31.6893,115.707,26.95,35,49,6.34,AU,1746064795
438,hillsboro,45.5229,-122.9898,19.68,47,0,1.79,US,1746064616
439,whangarei,-35.7317,174.3239,19.19,68,2,4.48,NZ,1746064797
440,yarega,63.4354,53.5765,-9.25,94,46,1.7,RU,1746064798
441,coronel suarez,-37.4547,-61.9334,13.41,81,100,3.14,AR,1746064800
442,codrington,-38.2667,141.9667,15.17,54,99,3.25,AU,1746064802
443,madang,-5.2246,145.7966,30.25,63,60,1.59,PG,1746064803
444,yuzhno-kurilsk,44.0306,145.8556,4.14,85,8,3.06,RU,1746064804
445,kodinsk,58.6881,99.1844,0.97,65,45,4.37,RU,1746064805
446,siwa oasis,29.2041,25.5195,16.47,51,0,2.9,EG,1746064807
447,santander de quilichao,3.0095,-76.4849,19.02,95,94,1.33,CO,1746064808
448,kurumkan,54.3,110.3,7.4,56,100,2.29,RU,1746064809
449,challapata,-18.9,-66.7667,10.56,42,2,1.07,BO,1746064810
450,sechura,-5.5569,-80.8222,22.66,71,39,6.13,PE,1746064811
451,katsuren-haebaru,26.3369,127.8719,25.05,75,75,4.63,JP,1746064812
452,nieuw amsterdam,5.8833,-55.0833,25.48,90,42,3.62,SR,1746064815
453,kill devil hills,36.0307,-75.676,21.1,87,32,5.12,US,1746064816
454,karimganj,24.8667,92.35,24.97,72,39,2.41,IN,1746064817
455,guasdualito,7.2424,-70.7324,22.98,100,0,0.51,VE,1746064818
456,zabol,32.25,67.25,19.7,22,0,0.3,AF,1746064819
457,benghazi,32.1167,20.0667,17.18,76,0,6.78,LY,1746064820
458,buturlinovka,50.8239,40.6092,7.35,78,57,1.5,RU,1746064821
459,troitsko-pechorsk,62.7084,56.1964,-7.46,92,58,3.7,RU,1746064822
460,nouadhibou,20.931,-17.0347,18.99,68,69,7.72,MR,1746064823
461,hobyo,5.3505,48.5268,28.66,75,89,3.67,SO,1746064824
462,nikolayevsk-on-amure,53.1406,140.73,9.43,59,100,2.54,RU,1746064825
463,muravlenko,63.7898,74.523,1.74,100,100,7.25,RU,1746064827
464,aibak,36.2647,68.0155,18.93,48,97,0.27,AF,1746064828
465,timbuktu,16.7735,-3.0074,32.44,8,96,3.89,ML,1746064829
466,dunkwa,5.9656,-1.78,23.27,98,99,0.86,GH,1746064830
467,zaragoza,41.6561,-0.8773,16.25,64,20,4.63,ES,1746064831
468,piti village,13.4626,144.6933,31.49,69,20,7.72,GU,1746064832
469,ancud,-41.8697,-73.8203,11.24,77,48,9.95,CL,1746064784
470,jumla,29.2747,82.1838,10.81,76,47,1.59,NP,1746064834
471,nizhneudinsk,54.9076,99.0276,6.55,37,6,3.87,RU,1746064565
472,bandarbeyla,9.4942,50.8122,26.41,74,78,1.26,SO,1746064837
473,cheremukhovo,60.3484,59.9851,4.08,95,100,2.75,RU,1746064838
474,tilisarao,-32.7329,-65.2911,16.25,58,100,2.48,AR,1746064839
475,bedong,5.7274,100.5088,29.44,79,29,1.06,MY,1746064840
476,indramayu,-6.3264,108.32,30.85,71,95,1.67,ID,1746064841
477,sur,22.5667,59.5289,29.85,45,0,5.2,OM,1746064843
478,korla,41.7597,86.1469,27.22,17,0,2.83,CN,1746064844
479,pontianak,-0.0333,109.3333,28.99,84,20,2.57,ID,1746064845
480,lindesberg,59.592,15.2304,5.06,89,99,1.05,SE,1746064451
481,benguela,-12.5763,13.4055,25.84,82,99,0.79,AO,1746064847
482,rio gallegos,-51.6226,-69.2181,4.03,93,20,0.51,AR,1746064787
483,namibe,-15.1961,12.1522,23.03,84,35,1.65,AO,1746064850
484,mount gambier,-37.8333,140.7667,15.77,50,89,2.21,AU,1746064851
485,nemuro,43.3236,145.575,3.76,73,11,1.65,JP,1746064853
486,amahai,-3.3333,128.9167,29.26,72,23,1.3,ID,1746064854
487,vorkuta,67.5,64.0,-14.06,100,100,2.58,RU,1746064855
488,pailles,-20.1927,57.4883,25.36,97,82,7.58,MU,1746064856
489,santo antonio do taua,-1.1519,-48.1294,22.85,100,100,0.7,BR,1746064857
490,malango,-2.9627,119.9001,25.15,73,100,1.36,ID,1746064858
491,juan griego,11.0817,-63.9655,25.68,87,61,3.79,VE,1746064859
492,gamay,12.3854,125.2979,29.25,79,62,2.73,PH,1746064860
493,vanino,49.0869,140.2543,8.55,63,100,7.7,RU,1746064861
494,fiambala,-27.6871,-67.6149,17.38,43,0,1.37,AR,1746064862
495,muroto-misakicho,33.2833,134.15,19.16,70,100,3.35,JP,1746064863
496,mugia,43.1041,-9.2179,11.06,82,59,3.66,ES,1746064864
497,sweetwater,25.7634,-80.3731,24.45,66,0,1.34,US,1746064865
498,tucurui,-3.7661,-49.6725,23.62,94,45,1.36,BR,1746064866
499,portland,45.5234,-122.6762,19.52,44,100,3.58,US,1746064845
500,labrador city,52.9463,-66.9114,-4.05,63,40,3.6,CA,1746064812
501,nalut,30.3333,10.85,17.74,33,100,4.22,LY,1746064871
502,garachico,28.7781,-17.7646,16.06,77,100,2.57,ES,1746064872
503,hualien city,23.9769,121.6044,28.51,71,100,3.03,TW,1746064873
504,broome,42.2506,-75.833,6.37,80,68,1.69,US,1746064874
505,malindi,-3.2175,40.1191,25.45,89,85,4.86,KE,1746064875
506,gisborne,-38.6533,178.0042,18.16,82,96,3.66,NZ,1746064876
507,kayyerkan,69.3786,87.7439,-9.26,90,100,4.31,RU,1746064878
508,piton saint-leu,-21.2196,55.3151,23.06,65,0,9.77,RE,1746064880
509,kavieng,-2.5744,150.7967,29.39,68,10,1.71,PG,1746064882
510,sodra sandby,56.5667,16.6167,3.27,91,5,2.53,SE,1746064883
511,howrah,22.5892,88.3103,25.0,88,0,2.57,IN,1746064885
512,sao borja,-28.6606,-56.0044,13.86,61,0,3.73,BR,1746064827
513,moranbah,-22.0016,148.0466,25.79,39,95,8.76,AU,1746064887
514,illizi,26.4833,8.4667,22.13,23,0,3.83,DZ,1746064888
515,chivilcoy,-34.8957,-60.0167,14.08,67,98,3.66,AR,1746064815
516,san patricio,28.017,-97.5169,25.97,84,0,8.91,US,1746064891
517,andovoranto,-18.95,49.1,23.08,94,99,2.03,MG,1746064892
518,majie,25.0333,102.6361,12.99,88,20,5.0,CN,1746064893
519,santa elena de uairen,4.6167,-61.1333,21.94,70,71,1.0,VE,1746064894
520,aral,40.5156,81.2636,26.1,11,0,1.27,CN,1746064897
521,tralee,52.2704,-9.7026,11.0,93,6,1.14,IE,1746064898
522,eyl,7.9803,49.8164,27.44,70,45,1.58,SO,1746064899
523,humaita,-7.5061,-63.0208,23.7,98,100,0.61,BR,1746064900
524,cooma,-36.2333,149.1333,10.66,61,100,3.14,AU,1746064901
525,khandyga,62.6667,135.6,5.5,68,94,1.06,RU,1746064902
526,visby,57.6409,18.296,-1.88,93,24,1.03,SE,1746064903
527,haiku-pauwela,20.9219,-156.3051,26.23,74,34,12.52,US,1746064904
528,mil'kovo,55.6078,37.7956,5.08,73,100,4.88,RU,1746064905
529,butembo,0.15,29.2833,14.17,95,100,1.4,CD,1746064906
530,port shepstone,-30.7414,30.455,19.16,77,83,4.7,ZA,1746064907
531,lompoc,34.6391,-120.4579,13.96,81,100,2.57,US,1746064908
532,manokwari,-0.8667,134.0833,29.1,67,73,2.81,ID,1746064910
533,coahuayana de hidalgo,18.7,-103.6583,23.11,79,4,1.09,MX,1746064911
534,sake,-1.5736,29.045,17.05,96,99,0.78,CD,1746064912
535,el hadjira,32.6134,5.5126,21.68,33,98,2.53,DZ,1746064913
536,toliara,-23.35,43.6667,24.93,66,75,3.0,MG,1746064914
537,winslow,35.0242,-110.6974,21.1,17,75,6.17,US,1746064915
538,suva,-18.1416,178.4415,29.71,74,40,3.09,FJ,1746064806
539,lesozavodsk,45.4794,133.4244,18.26,43,87,7.47,RU,1746064917
540,khovd,48.0056,91.6419,9.16,53,96,3.9,MN,1746064625
541,rawson,-43.3002,-65.1023,10.16,81,0,2.57,AR,1746064742
542,kloulklubed,7.0419,134.2556,28.66,71,92,4.13,PW,1746064920
543,fort mcmurray,56.7268,-111.381,7.77,87,100,4.63,CA,1746064787
544,cudahy,33.9606,-118.1853,18.33,77,1,4.13,US,1746064922
545,kulhudhuffushi,6.6221,73.07,29.03,70,36,0.92,MV,1746064923
546,walvis bay,-22.9575,14.5053,14.53,82,2,1.54,NA,1746064924
547,sao lourenco do oeste,-26.3592,-52.8511,11.95,70,1,0.81,BR,1746064874
548,spring creek,40.7266,-115.5859,14.9,34,88,0.45,US,1746064926
549,ialibu,-6.2821,143.9935,21.72,63,100,1.78,PG,1746064927
550,misratah,32.3754,15.0925,17.52,68,0,2.45,LY,1746064928
551,zhosaly,45.4878,64.0781,11.26,31,8,4.93,KZ,1746064930
552,sidi yahia el gharb,34.3065,-6.3062,13.24,82,0,0.79,MA,1746064931
553,yung shue wan,22.2333,114.1167,25.9,89,100,2.62,HK,1746064932
554,pinas,-3.6667,-79.65,19.87,97,100,0.07,EC,1746064933
555,twello,52.2367,6.1028,12.24,85,17,0.45,NL,1746064934
556,hjorring,57.4642,9.9823,7.74,92,91,4.88,DK,1746064935
557,weno,7.4515,151.8468,23.97,94,100,3.09,FM,1746064936
558,uturoa,-16.7333,-151.4333,27.13,79,78,3.36,PF,1746064937
559,tash-kumyr,41.3461,72.2171,17.18,58,100,0.3,KG,1746064898
560,tongliao,43.6125,122.2653,10.88,51,100,7.52,CN,1746064939
561,ciudad lazaro cardenas,17.9583,-102.2,26.86,68,0,3.43,MX,1746064665
562,darwin,-12.4611,130.8418,28.99,42,0,7.2,AU,1746064943
563,gadzhiyevo,69.2551,33.3362,0.19,87,100,10.97,RU,1746064944
564,lianzhou,24.7811,112.3825,25.72,82,97,1.04,CN,1746064945
565,saint-philippe,-21.3585,55.7679,23.98,76,85,7.26,RE,1746064946
566,taltal,-25.4,-70.4833,16.69,80,4,0.82,CL,1746064947
567,soderhamn,61.3037,17.0592,3.74,83,88,2.06,SE,1746064948
568,pacasmayo,-7.4006,-79.5714,20.36,81,83,5.27,PE,1746064949
569,hailar,49.2,119.7,7.5,48,26,5.64,CN,1746064950
570,verkhovazh'ye,60.7472,42.0465,-5.4,92,18,0.92,RU,1746064951
571,harstad,68.799,16.5293,2.86,92,100,2.24,NO,1746064952
572,belomorsk,64.5232,34.7668,-3.39,76,26,2.62,RU,1746064953
573,gazipasa,36.2694,32.3179,17.83,80,96,4.02,TR,1746064954
574,ternate,0.8,127.4,28.71,68,13,1.54,ID,1746064956
575,trincomalee,8.5711,81.2335,26.55,81,100,2.79,LK,1746064958
576,zelenogradsk,54.9589,20.4767,6.03,87,40,5.0,RU,1746064959
577,porto novo,6.4965,2.6036,27.9,85,78,2.28,BJ,1746064960
